{
    "datos": [
        {
            "best_fit": 9664.674573630162,
            "cant_iter": 12,
            "exe_time": 11.916094064712524,
            "hstry": [
                11716.561978756708,
                11423.80592240884,
                11181.384757550879,
                10993.451033871132,
                10765.700222747144,
                10537.060415846125,
                10403.302600929434,
                10278.212149205747,
                10149.650347637284,
                10080.897501291873,
                9931.670541458361,
                9749.882799708126,
                9664.674573630162
            ]
        }
    ]
}